{
  "shape": [
    128,
    128,
    128
  ],
  "axisOrder": "zyx",
  "sampleSteps": [
    0,
    50,
    99
  ],
  "means": {
    "0": 9.485382080078125,
    "50": 9.39540958404541,
    "99": 9.318697929382324
  }
}